Guide Sequence Name,Guide Sequence,Experiment Name
evolutionary.EVB.6309,gauuuagacuaccccaaaaacgaaggggacuaaaaccccaccaacauguauucccaggaccuga,Multi-Target Identification
wgan.EVB.6309,gauuuagacuaccccaaaaacgaaggggacuaaaaccccaccaacauguauucccaggacuuug,Multi-Target Identification
mbc.EVB.6309,gauuuagacuaccccaaaaacgaaggggacuaaaacuccaccaacauguauuccaaggaccuuu,Multi-Target Identification
consensus.EVB.6309,gauuuagacuaccccaaaaacgaaggggacuaaaacuccaccaacauguauuccaaggacuuug,Multi-Target Identification
evolutionary.EVB.6494,gauuuagacuaccccaaaaacgaaggggacuaaaaccacugcugguuccuuguuccccucagga,Multi-Target Identification
wgan.EVB.6494,gauuuagacuaccccaaaaacgaaggggacuaaaaccacugcugguuccuuguuccccucaggc,Multi-Target Identification
mbc.EVB.6494,gauuuagacuaccccaaaaacgaaggggacuaaaaccacugcugguuccuuguugcccucaaac,Multi-Target Identification
consensus.EVB.6494,gauuuagacuaccccaaaaacgaaggggacuaaaacgacugcugguuccuuguugcccucaaac,Multi-Target Identification
evolutionary.EVB.5663,gauuuagacuaccccaaaaacgaaggggacuaaaacggcccugcucacaugcuucucaaucuga,Multi-Target Identification
wgan.EVB.5663,gauuuagacuaccccaaaaacgaaggggacuaaaacggcccugcucacaugcuucucaauuggc,Multi-Target Identification
mbc.EVB.5663,gauuuagacuaccccaaaaacgaaggggacuaaaacggcucugcugacaugcuucucaaucuga,Multi-Target Identification
consensus.EVB.5663,gauuuagacuaccccaaaaacgaaggggacuaaaacggcccugcugacaugcuucucaauuugc,Multi-Target Identification
evolutionary.FLUA.1080,gauuuagacuaccccaaaaacgaaggggacuaaaacgaacauuauuggugccaugcucagggga,Multi-Target Identification
wgan.FLUA.1080,gauuuagacuaccccaaaaacgaaggggacuaaaacgaacauuauuggugccaugcucagggug,Multi-Target Identification
mbc.FLUA.1080,gauuuagacuaccccaaaaacgaaggggacuaaaacgaacauuaugggugccaugcucagaaug,Multi-Target Identification
consensus.FLUA.1080,gauuuagacuaccccaaaaacgaaggggacuaaaacgaacauuauuggugcgaugcucaggaug,Multi-Target Identification
evolutionary.FLUA.1747,gauuuagacuaccccaaaaacgaaggggacuaaaacugucuccucuauggcaccuauauguggg,Multi-Target Identification
wgan.FLUA.1747,gauuuagacuaccccaaaaacgaaggggacuaaaacugucuccucuauggcaccuauaugugua,Multi-Target Identification
mbc_consensus.FLUA.1747,gauuuagacuaccccaaaaacgaaggggacuaaaacugucuccucuauggcaccgauacgugua,Multi-Target Identification
evolutionary.FLUA.1347,gauuuagacuaccccaaaaacgaaggggacuaaaacgguguauuucuuuuguccaagauucgga,Multi-Target Identification
wgan.FLUA.1347,gauuuagacuaccccaaaaacgaaggggacuaaaacgguguauuucuuuuguccaagauucggu,Multi-Target Identification
mbc_consensus.FLUA.1347,gauuuagacuaccccaaaaacgaaggggacuaaaacgguguauuucuuuuguccaagauucagu,Multi-Target Identification
evolutionary.LASVsegS.2067,gauuuagacuaccccaaaaacgaaggggacuaaaacagcuuuuaucuuauuagcaucuuccuga,Multi-Target Identification
wgan.LASVsegS.2067,gauuuagacuaccccaaaaacgaaggggacuaaaacaguuuuuaucuuauuagcaucuuccuca,Multi-Target Identification
mbc.LASVsegS.2067,gauuuagacuaccccaaaaacgaaggggacuaaaacagcuuuuaccuuauaagcaucuuccucc,Multi-Target Identification
consensus.LASVsegS.2067,gauuuagacuaccccaaaaacgaaggggacuaaaacaguuuuuaucuuauaagcaucuuccucc,Multi-Target Identification
evolutionary.LASVsegS.2647,gauuuagacuaccccaaaaacgaaggggacuaaaaccucacaaaggaccagagauauuuaugga,Multi-Target Identification
wgan.LASVsegS.2647,gauuuagacuaccccaaaaacgaaggggacuaaaaccucacaaaggaccagagauauuuauauu,Multi-Target Identification
mbc_consensus.LASVsegS.2647,gauuuagacuaccccaaaaacgaaggggacuaaaaccucacaaaggacuagagauauuuauauu,Multi-Target Identification
evolutionary.LASVsegS.960,gauuuagacuaccccaaaaacgaaggggacuaaaacuccauugucuggggugacacuuuuauga,Multi-Target Identification
wgan.LASVsegS.960,gauuuagacuaccccaaaaacgaaggggacuaaaacuccauuguuugaggugacacuuugauga,Multi-Target Identification
mbc.LASVsegS.960,gauuuagacuaccccaaaaacgaaggggacuaaaacuccauuguuuggggugacacuuugauug,Multi-Target Identification
consensus.LASVsegS.960,gauuuagacuaccccaaaaacgaaggggacuaaaacuccauuguuugaggugacacuuugauug,Multi-Target Identification
evolutionary.SARSCOV2.4809,gauuuagacuaccccaaaaacgaaggggacuaaaacuuucucgcaaauuccaagaaacaguuga,Multi-Target Identification
wgan.SARSCOV2.4809,gauuuagacuaccccaaaaacgaaggggacuaaaacuuucucgcaaauuccaagaaacaguuca,Multi-Target Identification
mbc_consensus.SARSCOV2.4809,gauuuagacuaccccaaaaacgaaggggacuaaaacuuucucgcaaauuccaagaaacaguucc,Multi-Target Identification
evolutionary.SARSCOV2.6495,gauuuagacuaccccaaaaacgaaggggacuaaaacugcccauguacauaacagcuucuacgga,Multi-Target Identification
wgan.SARSCOV2.6495,gauuuagacuaccccaaaaacgaaggggacuaaaacugcccauguacauaacagcuucuacaca,Multi-Target Identification
mbc_consensus.SARSCOV2.6495,gauuuagacuaccccaaaaacgaaggggacuaaaacugcccauguacauaacagcuucuacacc,Multi-Target Identification
evolutionary.SARSCOV2.31931,gauuuagacuaccccaaaaacgaaggggacuaaaacuacuccagauucccauuuuucaguauag,Multi-Target Identification
wgan_mbc_consensus.SARSCOV2.31931,gauuuagacuaccccaaaaacgaaggggacuaaaacuacuccagauucccauuuuucaguauaa,Multi-Target Identification
evolutionary.DENV.3320,gauuuagacuaccccaaaaacgaaggggacuaaaacugugggauuuuggccaguugcagcuuga,Multi-Target Identification
wgan.DENV.3320,gauuuagacuaccccaaaaacgaaggggacuaaaacugugggauuuuggccaguugcagguuuu,Multi-Target Identification
mbc.DENV.3320,gauuuagacuaccccaaaaacgaaggggacuaaaacugugugacuuuggccaguggcagcuuuu,Multi-Target Identification
consensus.DENV.3320,gauuuagacuaccccaaaaacgaaggggacuaaaacugugugauuuuggccaguggcagguuuu,Multi-Target Identification
evolutionary.DENV.10133,gauuuagacuaccccaaaaacgaaggggacuaaaaccuguggaaguacaucagccuccacauga,Multi-Target Identification
wgan.DENV.10133,gauuuagacuaccccaaaaacgaaggggacuaaaaccuguggaaguacaucagccuccacauuu,Multi-Target Identification
mbc.DENV.10133,gauuuagacuaccccaaaaacgaaggggacuaaaaccuguggaaguacaucagcugccacauuu,Multi-Target Identification
consensus.DENV.10133,gauuuagacuaccccaaaaacgaaggggacuaaaaccuguggaaguacaucaggcuccacauuu,Multi-Target Identification
evolutionary.DENV.10192,gauuuagacuaccccaaaaacgaaggggacuaaaacggacccaaugugcuggaacugcugagca,Multi-Target Identification
wgan.DENV.10192,gauuuagacuaccccaaaaacgaaggggacuaaaacggacccaaugugaugggacugcugagca,Multi-Target Identification
mbc.DENV.10192,gauuuagacuaccccaaaaacgaaggggacuaaaacgaacccaaugugaugggacugccgagca,Multi-Target Identification
consensus.DENV.10192,gauuuagacuaccccaaaaacgaaggggacuaaaacgaacccaaugugaugggacugcugagca,Multi-Target Identification
evolutionary.Y184_vs_Y184F,gauuuagacuaccccaaaaacgaaggggacuaaaacccaaaaauauaaaccuaaaaaggaacug,SNP Discrimination
wgan.Y184_vs_Y184F,gauuuagacuaccccaaaaacgaaggggacuaaaacgaccaaagauauaaaccucaaaaggaac,SNP Discrimination
syn.Y184_vs_Y184F,gauuuagacuaccccaaaaacgaaggggacuaaaacuauaaaaaccuaaaaaggaacuggcaua,SNP Discrimination
evolutionary.Y184F_vs_Y184,gauuuagacuaccccaaaaacgaaggggacuaaaacguuuauuaauggccaaauuaauaaaccu,SNP Discrimination
wgan.Y184F_vs_Y184,gauuuagacuaccccaaaaacgaaggggacuaaaacuuuuauuaaugaccacauuaauaaaccu,SNP Discrimination
syn.Y184F_vs_Y184,gauuuagacuaccccaaaaacgaaggggacuaaaacuaaaaaaaccuaaaaaggaacuggcaua,SNP Discrimination
evolutionary.S139_vs_S139N,gauuuagacuaccccaaaaacgaaggggacuaaaacgcauugcgucuguccaaguacauauagu,SNP Discrimination
wgan.S139_vs_S139N,gauuuagacuaccccaaaaacgaaggggacuaaaacgcaucacuucuguccaaguacauauagu,SNP Discrimination
syn.S139_vs_S139N,gauuuagacuaccccaaaaacgaaggggacuaaaaccgcuacuguccaaguacauauaguaugc,SNP Discrimination
evolutionary.S139N_vs_S139,gauuuagacuaccccaaaaacgaaggggacuaaaacuucuuucuaaguacauauaguaugcaca,SNP Discrimination
wgan.S139N_vs_S139,gauuuagacuaccccaaaaacgaaggggacuaaaacuucuuuccaaguacauauaguaugcacu,SNP Discrimination
syn.S139N_vs_S139,gauuuagacuaccccaaaaacgaaggggacuaaaaccguuacuguccaaguacauauaguaugc,SNP Discrimination
evolutionary.K76_vs_K76T,gauuuagacuaccccaaaaacgaaggggacuaaaacaaaauuugauucauuacacaugcacuua,SNP Discrimination
wgan.K76_vs_K76T,gauuuagacuaccccaaaaacgaaggggacuaaaacaaaauuugauucauuacacauacacuua,SNP Discrimination
syn.K76_vs_K76T,gauuuagacuaccccaaaaacgaaggggacuaaaacuuuuuuucauuacacauacacuuaaaua,SNP Discrimination
evolutionary.K76T_vs_K76,gauuuagacuaccccaaaaacgaaggggacuaaaacgcuuuuagcaaaaauugucuucauuaca,SNP Discrimination
wgan.K76T_vs_K76,gauuuagacuaccccaaaaacgaaggggacuaaaacaaaaugguauucauuacucauacacuua,SNP Discrimination
syn.K76T_vs_K76,gauuuagacuaccccaaaaacgaaggggacuaaaacuuguuuucauuacacauacacuuaaaua,SNP Discrimination
evolutionary.K417_vs_K417N-K417T,gauuuagacuaccccaaaaacgaaggggacuaaaacgcaaucuguccacuuugcccuggagcga,SNP Discrimination
wgan.K417_vs_K417N-K417T,gauuuagacuaccccaaaaacgaaggggacuaaaaccaucaaacuuuccaguuugcccuggagc,SNP Discrimination
syn.K417_vs_K417N-K417T,gauuuagacuaccccaaaaacgaaggggacuaaaacaucuauccaguuugcccuggagcgauuu,SNP Discrimination
evolutionary.K417T_vs_K417-K417N,gauuuagacuaccccaaaaacgaaggggacuaaaacguuaugaucagcaaucguuccauuuugc,SNP Discrimination
wgan.K417T_vs_K417-K417N,gauuuagacuaccccaaaaacgaaggggacuaaaacguuauaaucaggaaucguuccaguuugc,SNP Discrimination
syn.K417T_vs_K417-K417N,gauuuagacuaccccaaaaacgaaggggacuaaaacucguaccaguuugcccuggagcgauuug,SNP Discrimination
evolutionary.K417N_vs_K417-K417T,gauuuagacuaccccaaaaacgaaggggacuaaaacuauaauuagaaucagcauuauuuccagu,SNP Discrimination
wgan.K417N_vs_K417-K417T,gauuuagacuaccccaaaaacgaaggggacuaaaaccuuaauuauaaucagcauuauuuccagu,SNP Discrimination
syn.K417N_vs_K417-K417T,gauuuagacuaccccaaaaacgaaggggacuaaaacauauauccaguuugcccuggagcgauuu,SNP Discrimination
evolutionary.C580_vs_C580Y,gauuuagacuaccccaaaaacgaaggggacuaaaaccaacacagauagcugaugauguaggggu,SNP Discrimination
wgan.C580_vs_C580Y,gauuuagacuaccccaaaaacgaaggggacuaaaacgcaacacacauagccuaugaucuagggg,SNP Discrimination
syn.C580_vs_C580Y,gauuuagacuaccccaaaaacgaaggggacuaaaaccacagauagcugaugaucuagggguauu,SNP Discrimination
evolutionary.C580Y_vs_C580,gauuuagacuaccccaaaaacgaaggggacuaaaacacauaacugaugaucuagugguauucaa,SNP Discrimination
wgan.C580Y_vs_C580,gauuuagacuaccccaaaaacgaaggggacuaaaacacauagcuuaugaucuagggguauucaa,SNP Discrimination
syn.C580Y_vs_C580,gauuuagacuaccccaaaaacgaaggggacuaaaaccauagauagcugaugaucuagggguauu,SNP Discrimination
evolutionary.A437_vs_A437G,gauuuagacuaccccaaaaacgaaggggacuaaaaccagaggagucuccaccuguaucuauaac,SNP Discrimination
wgan.A437_vs_A437G,gauuuagacuaccccaaaaacgaaggggacuaaaaccagaagauucuccaccuuuaucuauaac,SNP Discrimination
syn.A437_vs_A437G,gauuuagacuaccccaaaaacgaaggggacuaaaacgagcugaggauucuccaccuauaucuau,SNP Discrimination
evolutionary.A437G_vs_A437,gauuuagacuaccccaaaaacgaaggggacuaaaacaaaguaccagaggauucuccaccuauau,SNP Discrimination
wgan.A437G_vs_A437,gauuuagacuaccccaaaaacgaaggggacuaaaacaaaguaccagaggauucuccaccuauaa,SNP Discrimination
syn.A437G_vs_A437,gauuuagacuaccccaaaaacgaaggggacuaaaacgaccugaggauucuccaccuauaucuau,SNP Discrimination
baseline.DENV1.2441,gauuuagacuaccccaaaaacgaaggggacuaaaacgagguguuauaguugcaguugucccaug,DENV Lineage Discrimination
baseline.DENV2.2443,gauuuagacuaccccaaaaacgaaggggacuaaaaccugugguguuacuuugauuuccuugccg,DENV Lineage Discrimination
baseline.DENV3.3345,gauuuagacuaccccaaaaacgaaggggacuaaaacuugccuaaugaguucagaacaccaccua,DENV Lineage Discrimination
baseline.DENV4.3145,gauuuagacuaccccaaaaacgaaggggacuaaaacagggggguuccaguucuauguuggucac,DENV Lineage Discrimination
evolutionary.DENV1.2073,gauuuagacuaccccaaaaacgaaggggacuaaaacucgguggugguguuugauauuuuagcua,DENV Lineage Discrimination
evolutionary.DENV2.1047,gauuuagacuaccccaaaaacgaaggggacuaaaacuuggugggauuguuaggaaacgaaggga,DENV Lineage Discrimination
evolutionary.DENV3.1222,gauuuagacuaccccaaaaacgaaggggacuaaaaccaugagacagagcgaugucuuuuuccga,DENV Lineage Discrimination
evolutionary.DENV4.1175,gauuuagacuaccccaaaaacgaaggggacuaaaacugcggccuaucuccuuccugaauccaga,DENV Lineage Discrimination
wgan.DENV1.2073,gauuuagacuaccccaaaaacgaaggggacuaaaacucgguggugguguuugauauuuuagcuu,DENV Lineage Discrimination
wgan.DENV2.1047,gauuuagacuaccccaaaaacgaaggggacuaaaacuuggugggauuguuaggaaacgaaggaa,DENV Lineage Discrimination
wgan.DENV3.1222,gauuuagacuaccccaaaaacgaaggggacuaaaaccaugagacagagcgaugucuuuuuccgu,DENV Lineage Discrimination
wgan.DENV4.1175,gauuuagacuaccccaaaaacgaaggggacuaaaacugcggccuaucuccuuccugaauccagu,DENV Lineage Discrimination
baseline.Alpha.21479,gauuuagacuaccccaaaaacgaaggggacuaaaaccauuggucccagagauagcauggaacca,SARS-CoV-2 Lineage Discrimination
baseline.Beta.22007,gauuuagacuaccccaaaaacgaaggggacuaaaacaacuucuauguaaaguuugaaaccuagu,SARS-CoV-2 Lineage Discrimination
baseline.Delta.21744,gauuuagacuaccccaaaaacgaaggggacuaaaaccuagaauaaacuccacuuuccauccaac,SARS-CoV-2 Lineage Discrimination
baseline.Gamma.21340,gauuuagacuaccccaaaaacgaaggggacuaaaacagagcguaauugaguucuguuuguaaaa,SARS-CoV-2 Lineage Discrimination
baseline.Gamma.21338,gauuuagacuaccccaaaaacgaaggggacuaaaacaggguaauugaguucuguuuguaaaauu,SARS-CoV-2 Lineage Discrimination
baseline.OmicronBA.1.21922,gauuuagacuaccccaaaaacgaaggggacuaaaacagggagaucuucuggcucacgcacuaua,SARS-CoV-2 Lineage Discrimination
baseline.Ref.23127,gauuuagacuaccccaaaaacgaaggggacuaaaaccaucgugauaaagaacagcaaccugguu,SARS-CoV-2 Lineage Discrimination
wgan.Alpha.21703,gauuuagacuaccccaaaaacgaaggggacuaaaacguuuuugugguaaacacccaaaaaugga,SARS-CoV-2 Lineage Discrimination
wgan.Beta.22008,gauuuagacuaccccaaaaacgaaggggacuaaaacuaacuucuauguaaaguuugagaccuag,SARS-CoV-2 Lineage Discrimination
wgan.Delta.21741,gauuuagacuaccccaaaaacgaaggggacuaaaacgaauaaacuccacuuuccauccaacuuu,SARS-CoV-2 Lineage Discrimination
wgan.Gamma.21342,gauuuagacuaccccaaaaacgaaggggacuaaaacgcauaggguaauugacuucuguuuguaa,SARS-CoV-2 Lineage Discrimination
wgan.Gamma.213146,gauuuagacuaccccaaaaacgaaggggacuaaaacgucugcagagcguaauugaguucuguuu,SARS-CoV-2 Lineage Discrimination
wgan.OmicronBA.1.21697,gauuuagacuaccccaaaaacgaaggggacuaaaacguuuuugugguccaaaaauggaucauua,SARS-CoV-2 Lineage Discrimination
wgan.OmicronBA.2.21347,gauuuagacuaccccaaaaacgaaggggacuaaaacaagaauuaguguaugauugaguucuggu,SARS-CoV-2 Lineage Discrimination
evolutionary.Alpha.21703,gauuuagacuaccccaaaaacgaaggggacuaaaacguuuuugugguaaacacccaaaaauggg,SARS-CoV-2 Lineage Discrimination
evolutionary.Beta.22008,gauuuagacuaccccaaaaacgaaggggacuaaaacuaacuucuauguaaaguuugagaccuaa,SARS-CoV-2 Lineage Discrimination
evolutionary.Delta.21741,gauuuagacuaccccaaaaacgaaggggacuaaaacgaauaaacuccacuuuccauccaacuga,SARS-CoV-2 Lineage Discrimination
evolutionary.Gamma.21342,gauuuagacuaccccaaaaacgaaggggacuaaaacguauaggguaauugaguucuguuuguaa,SARS-CoV-2 Lineage Discrimination
evolutionary.Gamma.21327,gauuuagacuaccccaaaaacgaaggggacuaaaacguucuguguguaaaauuaacacacugau,SARS-CoV-2 Lineage Discrimination
evolutionary.OmicronBA.1.21697,gauuuagacuaccccaaaaacgaaggggacuaaaacguuuuugugguccaaaaauggaucauug,SARS-CoV-2 Lineage Discrimination
evolutionary.OmicronBA.2.21347,gauuuagacuaccccaaaaacgaaggggacuaaaacaagaauuaguguaugauugaguucugga,SARS-CoV-2 Lineage Discrimination
evolutionary.Ref.23114,gauuuagacuaccccaaaaacgaaggggacuaaaacccugguaaagaacagcaaccugguuaga,SARS-CoV-2 Lineage Discrimination
wgan.Gamma.21327,gauuuagacuaccccaaaaacgaaggggacuaaaacguuuuguuuguaaaauuaacacacugac,SARS-CoV-2 Lineage Discrimination