Target Sequence Name,Target Sequence,Experiment Name
EVB.0.6184.6482,gaaattaatacgactcactatagggcactataggggctctagcgacttctttaaatagtggcttaaaataacaacatgtacattccagtaggacaggtcacagaatacggcttcctaaacctaggtggcacacccaccaagagaatgcttatgtacaacttccccacaagagcaggccagtgtggtggagtgctcatgtccaccggcaaggtactgggtatccatgttggtggaaatggccatcagggcttctcagcagcactcctcaaacactacttcaatgatgagcaaggtgaaatagaatttattgagagctcaaaggacgccgggtttccagtcatcaacacaccaagtaaaacaaagttgg,Multi-Target Identification
EVB.1.6184.6482,gaaattaatacgactcactatagggcactataggggctctagcgacttctttaaatagtggcttaaaataacaacatgtatatccctgttggtcaagtgacagattatggattccttaatttgggtgggacccccaccaaacgcatgctaatgtacaacttccccacgcgtgcaggacagtgtggtggtgtcttgatgtcaactggtaaagtccttggaatacatgtcggtggtaacgggcaccagggcttctcagcggccctgttacgccactatttcaatgatgagcagggagagattgagtttattgagagctccaaggaagctggcttcccagttattaacactcccagcaaaacaaaacttg,Multi-Target Identification
EVB.2.6184.6482,gaaattaatacgactcactatagggcactataggggctctagcgacttctttaaatagtggcttaaaataacaatatgtatatacccgtgggccgggtgactgactacgggttcttgaatctgggtggaacccccacaaagagaatgctcatgtacaatttcccaactagggcaggccagtgtggaggtgtccttatgtcaacagggaaagtcctgggaatacacgtaggagggaatggacaccaggggttctcagcggcactcctcagacactacttcaacgaggagcagggagagatagaattcatcgagaactcaaaggacgcagggtttcctgtgattaacgttcccagcaagacgaaattgg,Multi-Target Identification
EVB.0.6369.6667,gaaattaatacgactcactatagggcactataggggctctagcgacttctttaaatagtggcttaaaataaccagcactcctcaaacactacttcaatgatgagcaaggtgaaatagaatttattgagagctcaaaggacgccgggtttccagtcatcaacacaccaagtaaaacaaagttggagcctagtgttttccaccaggtctttgaggggaacaaagaaccagcagtactcaggagtggggatccacgtctcaaggccaattttgaagaggctatattttccaagtatataggaaatgtcaacacacacgtggatgagtacatgctggaagcagtggaccactacgcaggccaactagccac,Multi-Target Identification
EVB.1.6369.6667,gaaattaatacgactcactatagggcactataggggctctagcgacttctttaaatagtggcttaaaataaccagccctgttgcgccactacttcaatgacgagcagggcgaaattgagttcattgaaagctccaaggaagctggtttcccagttattaatactccaagcagaacaaagcttgagcccagtgtctttcatcatgtgtttgagggaaataaagaaccagcagtgttgagaaatggggaccctagattgaaagctaactttgaagaggccattttctccaagtacattggaaacgtaaacacacatgtggatgagtacatgatggaagctgtagatcattatgctggacagttggcaac,Multi-Target Identification
EVB.0.5538.5836,gaaattaatacgactcactatagggcactataggggctctagcgacttctttaaatagtggcttaaaataacgatcaagatcagtgttgcgccggagactccccccccaccagcaatagcagacctactgaaatctgtagatagtgaagcagtcagagagtactgcaaggaaaaagggtggttagtgcccgagattaactctacgctacgaattgaaaagcatgtgagcagagccttcatctgcctgcaggcgctcaccacgtttgtctccgtggcagggataatatacatcatttacaaattgtttgctggcttccagggagcgtacactggcatgcccaaccaaaaacccaaagtgccaaccttgaga,Multi-Target Identification
EVB.1.5538.5836,gaaattaatacgactcactatagggcactataggggctctagcgacttctttaaatagtggcttaaaataacaatcaagattagtgttgccccggaaattcctccaccaccagcggtcgctgatttgctgaaagcagtggacagtgaggcagtgagggagtactgtaaagagaaagggtggctcataccagaggttgactccaccctacagatagaaaaacacgtgagtagagcattcatatgtttgcaagctctaaccacgtttgtctcggttgcaggcataatatatattatctacaaattgtttgcaggtttccaaggcgcgtacacagggatgcctaatcagaagcctaaggtgcccaccctgaga,Multi-Target Identification
EVB.2.5538.5836,gaaattaatacgactcactatagggcactataggggctctagcgacttctttaaatagtggcttaaaataacaattaaaatcagtgtcgccccagaaacacccccaccaccagcaatcgctgatttgttgaagtcggtggatagtgaggcagtcagggaatactgtaaagagaaaggatggctggtgcccgaaataaactccaccttacaaattgagaagcatgtcagcagggcattcatttgtttacaagcactgaccacgttcgtttcggtagccggtatagtttacatcatatacaagctattcgctggttttcagggtgcgtacacggggatgccaaatcagaaacctaaagtgcctaccttgagg,Multi-Target Identification
FLUA.0.955.1253,gaaattaatacgactcactatagggcactataggggctctagcgacttctttaaatagtggcttaaaataacgactaattcacaagacacagagctttctttcacaatcactggggacaacactaagtggaatgaaaatcaaaacccccgaatgtttttggcgatgattacatacatcacaaagaatcaacctgaatggttcagaaacatcctgagcatcgcaccaataatgttctcaaacaaaatggcaagactgggaaaaggatacatgttcgagagtaagagaatgaagctccggacacaaatacctgcagaaatgctagcaagcattgacctgaagtatttcaatgaatcaacaaggaagaaaatt,Multi-Target Identification
FLUA.1.955.1253,gaaattaatacgactcactatagggcactataggggctctagcgacttctttaaatagtggcttaaaataacgactaattcacaagatacagagatttctttcacaatcactggggacaacactaaatggaatgaaaatcaaaatcctcgaatgttcctggcgatgattacatatatcaccagaaatcaacccgagtggtttagaaacatcctgagcatggcacccataatgttctcaaataaaatggcaagactaggaaaagggtacatgttcgagagtaaaagaatgaagattcgaacacaaataccagcagaaatgctagcaagcattgatctaaagtatttcaatgaatcaacaaagaagaaaatt,Multi-Target Identification
FLUA.2.955.1253,gaaattaatacgactcactatagggcactataggggctctagcgacttctttaaatagtggcttaaaataacgactaattcgcaagacacagagctctctttcacaatcactggagacaacaccaaatggaatgaaaatcagaaccctaggatgtttctggcaatgataacatatataacaaggaaccaacctgaatggttcaggaatgtcttgagcattgcacctataatgttctcaaataaaatggcaagactagggaaaggatacatgttcgaaagtaaaagcatgaagcttcgaacacaaataccggcagaaatgctagcaagcattgatctgaagtacttcaatgagtcaacaagaaagaaaata,Multi-Target Identification
FLUA.0.1622.1920,gaaattaatacgactcactatagggcactataggggctctagcgacttctttaaatagtggcttaaaataactttggagtgtctggaataaacgagtcagctgacatgagcattggagtaacagtgataaagaacaacatgataaataatgaccttggaccagcaacagcccaaatggctctccaattgttcatcaaagattacagatacacgtatcggtgccatagaggagacacacaaatccaaacgagaagatcattcgagataaagaagctgtgggatcaaacccaatcaaggacaggactattggtatcagatgggggaccaaacttatacaatatccggaatcttcacatccctgaagtctgct,Multi-Target Identification
FLUA.1.1622.1920,gaaattaatacgactcactatagggcactataggggctctagcgacttctttaaatagtggcttaaaataactttggagtgtctggagtaaatgaatcagctgacatgagtattggagtaacagtgataaagaacaacatgataaacaatgaccttggacctgcaacggctcagatggctcttcaattgttcatcaaagactacagatacacatataggtgtcataggggagacacacaaattcagacgagaagatcatttgagttgaagaagctatgggatcaaacccaatcaaaggtagggctattagtatcagatggaggaccaaacttatacaacatacggaatcttcacattcctgaagtctgct,Multi-Target Identification
FLUA.2.1622.1920,gaaattaatacgactcactatagggcactataggggctctagcgacttctttaaatagtggcttaaaataactttggagtgtccgggatcaatgaatctgcagacatgagcattggagtaacagtgataaagaacaacatgatcaacaatgatcttggaccagcaacagcccaaatggctcttcagctattcatcaaggattacagatacacatatcggtgtcacagaggagacacacaaattcagacaaggaggtcattcgagctgaagaagttgtgggaacaaacccgctcaaaagcaggactgctggtctcagatggaggaccaaacctatacaatatccggaatctccacattccggaagtctgct,Multi-Target Identification
FLUA.3.1622.1920,gaaattaatacgactcactatagggcactataggggctctagcgacttctttaaatagtggcttaaaataactttggagtgtctggaatcaatgaatcggctgacatgagcattggagttacagtgataaagaacaatatgataaacaatgaccttggaccagcaacagctcaaatggctcttcagctattcatcaaggactataggtacacgtaccgatgccacaggggtgatacacaaattcaaacgaggagatcattcgagctgaagaagctgtgggagcagacccattcaaaggcagggttgttggtatcagatggaggaccaaacctatacaacattcggaatctccacatcccagaggtctgct,Multi-Target Identification
FLUA.0.1222.1520,gaaattaatacgactcactatagggcactataggggctctagcgacttctttaaatagtggcttaaaataacgtatttcaatgaatcaacaaggaagaaaattgagaaaataaggcctcttctaatagatggcacagcatcattgagccctggaatgatgatgggcatgttcaacatgctaagtacagttttaggagtctcgatactgaatcttggacaaaagaaatacaccaagacaacatactggtgggatgggctccaatcctcagacgattttgccctcatagtgaatgcaccaaatcatgagggaatacaagcaggagtggatagattctataggacctgcaagttagtgggaatcaacatg,Multi-Target Identification
FLUA.1.1222.1520,gaaattaatacgactcactatagggcactataggggctctagcgacttctttaaatagtggcttaaaataacatatttcaatgagtcaacaagaaagaaaatagagaagataaggcctcttctaatagatggtacagcctcattgagccctggaatgatgatgggcatgttcaacatgctgagtacagttttgggagtttcgattctaaatctaggacaaaagaggtacaccaaaacaacatactggtgggacggactccaatcctctgatgactttgctctcatagtgaatgctccgaatcatgaggggatacaagcaggagtagacagattctatagaacctgcaagctggtcggaatcaacatg,Multi-Target Identification
LASVsegS.0.1942.2240,gaaattaatacgactcactatagggcactataggggctctagcgacttctttaaatagtggcttaaaataacctcatctcttccatttcacaggcacaccaggctgtttgtagagtccacaggaacaaatgcccatatgattcaatctgtgaggtttgggacacgacttgcctacaatatgcctatgagttggtattttgactaggtgaaggaagatgctaataagatagaaacttgtgctgaacacaaagaggtcaactagacccaatggtgtcttcccctgcctctccatatactccttctgtaacatctcagtgatcatattgtcagcttgttgttcaatatcatcagaaaagtgggtctcgttcaa,Multi-Target Identification
LASVsegS.1.1942.2240,gaaattaatacgactcactatagggcactataggggctctagcgacttctttaaatagtggcttaaaataaccttaccttttccatctcacaggtacaccaggttgtttgtaaacaccacaggaacatatacccatatggttcagcctatgaggtttaggacatggtttgcctacaatgtgtctatgtgttggtattttgactaggtggaggaagatgcttataaggtaaaagcttgtactgaacacaaagaggtcaaccaaacctaatggtgttttgccttgtctttccatgtattccttttgtaacatctcagtgattaaattgtcagcttgctgttcgatatcatcagagaagtgggtctcatttag,Multi-Target Identification
LASVsegS.2.1942.2240,gaaattaatacgactcactatagggcactataggggctctagcgacttctttaaatagtggcttaaaataactctatctcttccactttgttggaacaccagggtgtttgtacagtccacaggaacatactcccatgtgatttagtctatggggtttgggacagggtttcccaacgatgtgtcgatgtgtagggattttaattaaatgcaagaaaatgctgatcagataaaagcttgtgctaaagatgaaaatgtccactagtcccaagggcgttttcccttgtctttcaatgtattctttctgaagcatctctgtgatcatatggtcggcttgctgttctatgtcatcagagaactgggtttcatttag,Multi-Target Identification
LASVsegS.3.1942.2240,gaaattaatacgactcactatagggcactataggggctctagcgacttctttaaatagtggcttaaaataaccctatcttttccatttaactggcacaccgggttgtttatacaggccacatgagcaaatgcccatgtggttgagcctgtgtggcttgggacaaggtttcccagtgatgtgcctgtgagtcggaatcttgactaaatggaggaagatacttataagataaaagctggtgctaaagacaaagagatccactaaccctaaaggtgttttcccctgcctatccatgtactctttctgtagcatttccgttatcatgttatctgcttgttgttcaatgtcatcagaaaaatgtgtctcattcag,Multi-Target Identification
LASVsegS.4.1942.2240,gaaattaatacgactcactatagggcactataggggctctagcgacttctttaaatagtggcttaaaataactttatctcttccatctgacgggcacccctggctgtttgtataaaccacaagagcagatgcccatgtgattcagcctgtggggtttggggcaaggtttccccacaatgtgcctatgggttggtattttgatcagatggaggaagatactgatcaaataaaaacttgtgctaaagacaaaaagatcaactaaccctaaaggggtcttcccttgtctatctaggtattccttttgcagcatctcagttatcatgttatcagcttgttgttcaatatcatcagagaagtgagtttcattaag,Multi-Target Identification
LASVsegS.0.2522.2820,gaaattaatacgactcactatagggcactataggggctctagcgacttctttaaatagtggcttaaaataactgccacagctgtgttcccgaagcattttagttcagcctcaattagcatccacctggtcagacaatatccccctggtgtgtctttaccttcagaatctgacagtgtccatgtgaatgtgcctagcaatcttctactaatataaatatctctagtcctttgtgagaggagcccgagataaccgatgggagatggtctcgagaattggcagtgatcttcccaggttgtattttggattatcagatattgataactagtcataatacagtcccagttgccacggcctgagtcaagagcaatg,Multi-Target Identification
LASVsegS.1.2522.2820,gaaattaatacgactcactatagggcactataggggctctagcgacttctttaaatagtggcttaaaataactgccacggctgtgttgccaaagcactttaactcagcttcaatcagcatccacctggtcaaacagtacccccctggtgtgtccttaccttcagaatctgatagtgtccatgtgaatgttcccagcaatctcctgctgatgtaaatatctctggttctctgtgaaaggagcccaagatagccgatgggagatggtcttgagaactgacaatggtcttcccaggttgtgttctgaattacaagatattggtaactagtcatgatgcagtcccagttgccacgacctgaatcaagggcaatg,Multi-Target Identification
LASVsegS.2.2522.2820,gaaattaatacgactcactatagggcactataggggctctagcgacttctttaaatagtggcttaaaataactgccacagctgtattcccaaaacacttgagttctgcttcaattagcatccacctggttaaacaataaccacctggtgtttcattgccctcagaatctgacaatgtccaggtgaaggtccccaagagcctcctacttatatatatatctcttgtcctttgtgacaaaaggccaaggtacccgataggagacggtcttgagaattggcagtggtcctcccatgttgtattttgaattatcaggtactggtagctggtcattatacagtcccagtttccctttcctgagtctaatgcaatg,Multi-Target Identification
LASVsegS.3.2522.2820,gaaattaatacgactcactatagggcactataggggctctagcgacttctttaaatagtggcttaaaataacggcaactgctgtgtttccaaaacacttcagctcagcctcaattaacatccacctggtgagacagtatcctcctggcgtctcatttccttcagagtcagagagtgtccaagtaaacgttcctaataatctcctactaatgtaaatgtccctggttctttgtgagaggagcccgagataaccaataggagatggtctggagaactggcagtggtcttcccaagttgtattctggataattaagtattgataactggtcattatacagtcccagttcccatgtctagaatcaagggcaata,Multi-Target Identification
LASVsegS.4.2522.2820,gaaattaatacgactcactatagggcactataggggctctagcgacttctttaaatagtggcttaaaataactgcaatggctgtgttcccaaaacacttcagttcagcttcaatgagcatccatctagtcaaacagtacccaccaggtgcatcattgccttcagaatcagagagagtccaggtgaaagtaccgagaagtcttcggctaatataaatgtctctggtcctctgtgacagcaacccaagataaccaataggggatgggcgagaaaattggcaatgatcctcccaggtggtgttttgaattatcaaatactgataagaagtcattatgcagtcccaatttccctttccagagtcaagtgctata,Multi-Target Identification
LASVsegS.0.835.1133,gaaattaatacgactcactatagggcactataggggctctagcgacttctttaaatagtggcttaaaataactgactcaaagtcatcccatcctaaatatgattgacaccaagaaaagctctttgaatatctcaggttataattttagcttgggtgcagctgtgaaggcaggagcttgcatgctggatggtggcaatatgttggagacaatcaaggtgtcacctcagacaatggatggtatcctcaaatccattttaaaggtcaagaaggctcttggaatgttcatttcagacacccctggtgaaaggaatccttatgaaaacatactctacaagatttgtttgtcaggagatggatggccatatattgc,Multi-Target Identification
LASVsegS.1.835.1133,gaaattaatacgactcactatagggcactataggggctctagcgacttctttaaatagtggcttaaaataactaacccagagccaccctattctaaacatgattgacaccaagaaaagctctctgaatatctcaggttataacttcagcttaggtgcagctgtgaaagcaggagcttgtatgttggatggtggcaacatgttagagacaatcaaagtgtcaccccaaacaatggatggtattctcaagtccatcttaaaggtcaagaaagctcttgggatgtttatttcagatactcccggtgagagaaacccttatgagaacatactttacaagatctgtttgtcaggggatgggtggccatacattgc,Multi-Target Identification
LASVsegS.2.835.1133,gaaattaatacgactcactatagggcactataggggctctagcgacttctttaaatagtggcttaaaataactcactcagagtcaccctatactaggaatggttgacacaaaaaagagttccctgaacatctcaggttacaacttcagtctgggggctgcagttaaagctggtgcttgcatgcttgatgggggcaacatgttggaaacaataaaagtgtcaccacaaacaatggacggtattttgaaatctattctgaaggtcaaaagatcactgggaatgttcatttctgacactcctggtgaaagaaacccatatgagaacatcctctataagatctgcctttcaggtgaaggttggccgtatattgc,Multi-Target Identification
LASVsegS.3.835.1133,gaaattaatacgactcactatagggcactataggggctctagcgacttctttaaatagtggcttaaaataactgtcccaaagccatcctatactgaacatggtagacaccaagaagagctctttaaacatctctggctataatttcagcctgggggctgcagtgaaggctggggcctgcatgcttgacggaggcaacatgctggagactataaaggtcacacctcagacgatggatggtatcctgaaatctatcttgaaggtgaagagggctttgggaatgtttgtttcagacacacctggcgaaaggaatccttatgagaacatactctacaagatttgcctctctggagatggatggccctacatagc,Multi-Target Identification
LASVsegS.4.835.1133,gaaattaatacgactcactatagggcactataggggctctagcgacttctttaaatagtggcttaaaataactggcccagagtcatccgatattgaatatgattgatactaagaaaagctcactcaacatctctggttacaactttagcttgggagctgctgtcaaggcaggggcctgcatgcttgatggtggcaatatgttggagaccataaaggtttcacctcagaccatagatggcatcttgaaaacaatcttgaaagtcaagaagagtctgggaatgttcatctcagatgtaccaggtgagaggaacccttatgagaatatactgtacaaaatttgtctctcaggggatggatggccttacattgc,Multi-Target Identification
SARSCOV2.0.4684.4982,gaaattaatacgactcactatagggcactataggggctctagcgacttctttaaatagtggcttaaaataacaattatataaccacttacccgggtcagggtttaaatggttacactgtagaggaggcaaagacagtgcttaaaaagtgtaaaagtgccttttacattctaccatctattatctctaatgagaagcaagaaattcttggaactgtttcttggaatttgcgagaaatgcttgcacatgcagaagaaacacgcaaattaatgcctgtctgtgtggaaactaaagccatagtttcaactatacagcgtaaatataagggtattaaaatacaagagggtgtggttgatta,Multi-Target Identification
SARSCOV2.0.6370.6668,gaaattaatacgactcactatagggcactataggggctctagcgacttctttaaatagtggcttaaaataacacaatgagttacttgtttcaacatgccaatttagattcttgcaaaagagtcttgaacgtggtgtgtaaaacttgtggacaacagcagacaacccttaagggtgtagaagctgttatgtacatgggcacactttcttatgaacaatttaagaaaggtgttcagataccttgtacgtgtggtaaacaagctacaaaatatctagtacaacaggagtcaccttttgttatgatgtcagcaccacctgctcagtatgaacttaagc,Multi-Target Identification
SARSCOV2.0.31806.32104,gaaattaatacgactcactatagggcactataggggctctagcgacttctttaaatagtggcttaaaataaccaactattttctttgctggcatactaattgttacgactattgtataccttacaatagtgtaacttcttcaattgtcattacttcaggtgatggcacaacaagtcctatttctgaacatgactaccagattggtggttatactgaaaaatgggaatctggagtaaaagactgtgttgtattacacagttacttcacttcagactattaccagctgtactcaactcaattgagtacagacactggtgttgaacatgttaccttcttcatctacaataaaattgttgatgagcctgaa,Multi-Target Identification
DENV.0.3195.3493,gaaattaatacgactcactatagggcactataggggctctagcgacttctttaaatagtggcttaaaataacgatgtatcttgtgactcaaaactcatgtcagcagccataaaagacaacagagccgtccacgccgacatgggttattggatagaaagcgcactcaatgacacatggaagattgagaaagcctcctttattgaagttaaaagctgccactggccaaagtcacacactctctggagtaatggagtgctagaaagtgagatgataattccaaagaattttgcaggaccagtgtcacaacacaattacagaccaggctatcatacacaaacggcaggaccctggcatctaggcaggcttgaga,Multi-Target Identification
DENV.1.3195.3493,gaaattaatacgactcactatagggcactataggggctctagcgacttctttaaatagtggcttaaaataacacccaaatgtgtgaccaccggctaatgtcagctgccatcaaggacagcaaggcagtccatgctgacatggggtactggatagaaagtgaaaagaacgagacctggaagctagcgagagcctccttcatagaagtgaagacatgcatctggccaagatcccacactctatggagcaatggagtcttggaaagtgaaatgataatcccaaagatatatggaggaccaatatctcagcacaactacagaccagggtatttcacacaaacagcagggccatggcacctaggcaagttggaac,Multi-Target Identification
DENV.2.3195.3493,gaaattaatacgactcactatagggcactataggggctctagcgacttctttaaatagtggcttaaaataacacccaaatgtgtgaccacaggctaatgtcggcagccgtcaaggatgagagggccgtgcatgccgacatgggctattggatagaaagccaaaagaatggaagttggaagctagaaaaagcatccctcatagaggtgaaaacctgcacatggccaaaatcacacactctttggagcaacggtgtgctagagagtgacatgatcattccaaagagtctagctggtcctatttcgcaacacaactacaggcccgggtaccacacccaaacggcaggaccctggcacttaggaaaattggagc,Multi-Target Identification
DENV.3.3195.3493,gaaattaatacgactcactatagggcactataggggctctagcgacttctttaaatagtggcttaaaataactcagaagtgtgtgaccacaggctgatgtcagctgcaattaaagaccagaaagctgtgcatgctgacatgggttattggatagagagctcaaaaaaccagacctggcagatagagagagcatctctcattgaagtgaaaacatgtctgtggcccaagacccatacactgtggagcaatggagtgctggagagccagatgcttattccaaaatcatatgcaggccctttttcacagcacaattaccgccagggctatgctacgcaaaccgtgggtccatggcacttgggcaaactagaga,Multi-Target Identification
DENV.4.3195.3493,gaaattaatacgactcactatagggcactataggggctctagcgacttctttaaatagtggcttaaaataacgatgtattttgtgactcaaaacttatgtcagcagccatcaaagacaacagagccgttcacgccgatatgggttattggatagaaagcgcactcaatgacacatggaagatggagaaagcctccttcattgaagttaaaagctgccattggccaaagtcacacaccctctggagcaatggagtattagaaagtgagatgataattccaaaaaactttgccgggccagtgtcacaacataactacagaccaggctaccatacacaaacagcaggaccttggcacctaggtaagcttgaga,Multi-Target Identification
DENV.0.10008.10306,gaaattaatacgactcactatagggcactataggggctctagcgacttctttaaatagtggcttaaaataactaatcatgaaggacggtcgtgtacttgtggttccatgtagaaaccaagatgaactgattggtagggcccgaatttcccagggagccgggtggtccttgcgggaaacagcttgtttggggaagtcttacgcccaaatgtggagcctaatgtacttccacagacgtgaccttaggctggcggcaaacgctatttgctcggcagtcccttcacattgggttccaacaagtcgaacaacctggtccatacacgccacacatgagtggatgacaacagaagacatgctgacagtctggaa,Multi-Target Identification
DENV.1.10008.10306,gaaattaatacgactcactatagggcactataggggctctagcgacttctttaaatagtggcttaaaataactgattatgaaggatgggagggagatagtggtgccatgccgcaaccaagatgaacttgtgggcagggccagagtatcacaaggcgccgggtggagcctgagagaaactgcttgcctaggcaagtcatatgcacaaatgtggcagctgatgtacttccacaggagagacctgagactggcggctaatgctatctgttcagccgttccagttaattgggtcccaaccagccgcaccacctggtcgatccatgcccaccatcaatggatgacaacagaagacatgttgtcagtatggaa,Multi-Target Identification
DENV.2.10008.10306,gaaattaatacgactcactatagggcactataggggctctagcgacttctttaaatagtggcttaaaataactgatcatgaaagatggaagaaagttggtggttccctgcagaccccaggacgaactaataggaagagcaagaatctctcaaggagcgggatggagccttagagaaaccgcatgtttggggaaagcctacgcccaaatgtggagtctcatgtattttcacagaagagatctcagactagcgtccaatgccatatgttcagcagtaccagtccactgggtccccacaagtagaacgacatggtctattcatgctcaccatcagtggatgaccacagaagacatgcttactgtttggaa,Multi-Target Identification
DENV.3.10008.10306,gaaattaatacgactcactatagggcactataggggctctagcgacttctttaaatagtggcttaaaataactctttatgaaggatggccgctcactagttgttccatgtagaaaccaggatgaactgatagggagagccagaatctcgcagggggctggatggagcttaagggaaacagcttgcctaggcaaagcttacgcccagatgtggtcgcttatgtacttccacagaagggatctgcgtttagcctccatggccatatgctcagcagttccaacggaatggtttccaacaagcagaacaacatggtcaatccatgctcatcaccaatggatgaccactgaagacatgctcaaggtgtggaa,Multi-Target Identification
DENV.0.10067.10365,gaaattaatacgactcactatagggcactataggggctctagcgacttctttaaatagtggcttaaaataacttggtagggcccgaatttcccagggagccgggtggtccttgcgggaaacagcttgtttggggaagtcttacgcccaaatgtggagcctaatgtacttccacagacgtgaccttaggctggcggcaaacgctatttgctcggcagtcccttcacattgggttccaacaagtcgaacaacctggtccatacacgccacacatgagtggatgacaacagaagacatgctgacagtctggaacagggtgtggattcaagaaaacccatggatggaagacaaaactccagtagaatcatggg,Multi-Target Identification
DENV.1.10067.10365,gaaattaatacgactcactatagggcactataggggctctagcgacttctttaaatagtggcttaaaataactgggcagggccagagtatcacaaggcgccgggtggagcctgagagaaactgcttgcctaggcaagtcatatgcacaaatgtggcagctgatgtacttccacaggagagacctgagactggcggctaatgctatctgttcagccgttccagttaattgggtcccaaccagccgcaccacctggtcgatccatgcccaccatcaatggatgacaacagaagacatgttgtcagtatggaatagggtttggatagaggaaaacccatggatggaggacaaaactcatgtatccagctggg,Multi-Target Identification
DENV.2.10067.10365,gaaattaatacgactcactatagggcactataggggctctagcgacttctttaaatagtggcttaaaataactaggaagagcaagaatctctcaaggagcgggatggagccttagagaaaccgcatgtttggggaaagcctacgcccaaatgtggagtctcatgtattttcacagaagagatctcagactagcgtccaatgccatatgttcagcagtaccagtccactgggtccccacaagtagaacgacatggtctattcatgctcaccatcagtggatgaccacagaagacatgcttactgtttggaacagggtgtggatcgaggacaatccatggatggaagacaaaactccaattacaacctggg,Multi-Target Identification
DENV.3.10067.10365,gaaattaatacgactcactatagggcactataggggctctagcgacttctttaaatagtggcttaaaataactagggagagccagaatctcgcagggggctggatggagcttaagggaaacagcttgcctaggcaaagcttacgcccagatgtggtcgcttatgtacttccacagaagggatctgcgtttagcctccatggccatatgctcagcagttccaacggaatggtttccaacaagcagaacaacatggtcaatccatgctcatcaccaatggatgaccactgaagacatgctcaaggtgtggaacagagtgtggatagaagacaaccccaatatgattgacaagactccagtccattcgtggg,Multi-Target Identification
C580_target,gaaatTAATACGACTCACTATAgggCACTATAGGGGCTCTAGCGACTTCTTTAAATAGTGGCTTAAAATAACAGAATTTATTGTATTGGGGGATATGATGGCTCTTCTATTATACCGAATGTAGAAGCATATGATCATCGTATGAAAGCATGGGTAGAGGTGGCACCTTTGAATACCCCTAGATCATCAGCTATGTGTGTTGCTTTTGATAATAAAATTTATGTCATTGGTGGAACTAATGGTGAGAGATTAAATTCTATTGAAGTATATGAAGAAAAAATGAATAAATGGGAACAATTTCCATATGCCTTATTAGAAGCTAGGAATGGAAGCACCGAGAGTATATGAAGATCTTCATGTGTGCAAAAGAATGGTAAAGCAGAGAAGGAGC,SNP Discrimination
C580Y_target,gaaatTAATACGACTCACTATAgggCACTATAGGGGCTCTAGCGACTTCTTTAAATAGTGGCTTAAAATAACAGAATTTATTGTATTGGGGGATATGATGGCTCTTCTATTATACCGAATGTAGAAGCATATGATCATCGTATGAAAGCATGGGTAGAGGTGGCACCTTTGAATACCCCTAGATCATCAGCTATGTATGTTGCTTTTGATAATAAAATTTATGTCATTGGTGGAACTAATGGTGAGAGATTAAATTCTATTGAAGTATATGAAGAAAAAATGAATAAATGGGAACAATTTCCATATGCCTTATTAGAAGCTAGGAATGGAAGCACCGAGAGTATATGAAGATCTTCATGTGTGCAAAAGAATGGTAAAGCAGAGAAGGAGC,SNP Discrimination
K76_target,gaaatTAATACGACTCACTATAgggCACTATAGGGGCTCTAGCGACTTCTTTAAATAGTGGCTTAAAATAACTTAGGTGGAGGTTCTTGTCTTGGTAAATGTGCTCATGTGTTTAAACTTATTTTTAAAGAGATTAAGGATAATATTTTTATTTATATTTTAAGTATTATTTATTTAAGTGTATGTGTAATGAATAAAATTTTTGCTAAAAGAACTTTAAACAAAATTGGTAACTATAGTTTTGTAACATCCGAAACTCACAACTTTATTTGTATGATTATGTTCTTTATTGTTTATTCCTTATTTGGAAATAAAAAGGGAAAGAATGGAAGCACCGAGAGTATATGAAGATCTTCATGTGTGCAAAAGAATGGTAAAGCAGAGAAGGAGC,SNP Discrimination
K76T_target,gaaatTAATACGACTCACTATAgggCACTATAGGGGCTCTAGCGACTTCTTTAAATAGTGGCTTAAAATAACTTAGGTGGAGGTTCTTGTCTTGGTAAATGTGCTCATGTGTTTAAACTTATTTTTAAAGAGATTAAGGATAATATTTTTATTTATATTTTAAGTATTATTTATTTAAGTGTATGTGTAATGAATACAATTTTTGCTAAAAGAACTTTAAACAAAATTGGTAACTATAGTTTTGTAACATCCGAAACTCACAACTTTATTTGTATGATTATGTTCTTTATTGTTTATTCCTTATTTGGAAATAAAAAGGGAAAGAATGGAAGCACCGAGAGTATATGAAGATCTTCATGTGTGCAAAAGAATGGTAAAGCAGAGAAGGAGC,SNP Discrimination
A437_target,gaaatTAATACGACTCACTATAgggCACTATAGGGGCTCTAGCGACTTCTTTAAATAGTGGCTTAAAATAACAAAACAAATATTGTTGGAATATTAAATGTTAATTATGATTCTTTTTCAGATGGAGGTATTTTTGTTGAACCTAAACGTGCTGTTCAAAGAATGTTTGAAATGATAAATGAAGGTGCTAGTGTTATAGATATAGGTGGAGAATCCTCTGCTCCTTTTGTTATACCTAATCCAAAAATTAGTGAAAGAGATTTAGTAGTACCTGTATTACAATTATTTCAAAAAGAATGGAATGATATAAAAAATAAAATTGTTAAATGTGATGCGAAACCAATTATAAGTATTGATACAATTAACTATAATGGAATGGAAGCACCGAGAGTATATGAAGATCTTCATGTGTGCAAAAGAATGGTAAAGCAGAGAAGGAGC,SNP Discrimination
A437G_target,gaaatTAATACGACTCACTATAgggCACTATAGGGGCTCTAGCGACTTCTTTAAATAGTGGCTTAAAATAACAAAACAAATATTGTTGGAATATTAAATGTTAATTATGATTCTTTTTCAGATGGAGGTATTTTTGTTGAACCTAAACGTGCTGTTCAAAGAATGTTTGAAATGATAAATGAAGGTGCTAGTGTTATAGATATAGGTGGAGAATCCTCTGGTCCTTTTGTTATACCTAATCCAAAAATTAGTGAAAGAGATTTAGTAGTACCTGTATTACAATTATTTCAAAAAGAATGGAATGATATAAAAAATAAAATTGTTAAATGTGATGCGAAACCAATTATAAGTATTGATACAATTAACTATAATGGAATGGAAGCACCGAGAGTATATGAAGATCTTCATGTGTGCAAAAGAATGGTAAAGCAGAGAAGGAGC,SNP Discrimination
Y184_target,gaaatTAATACGACTCACTATAgggCACTATAGGGGCTCTAGCGACTTCTTTAAATAGTGGCTTAAAATAACAGTGTTTTTTATCAAGATGGACAATTTCATGATAATAATCCTGGATCTAAATTAAGATCTGATTTAGATTTTTATTTAGAACAAGTGAGTTCAGGAATTGGTACGAAATTTATAACAATTTTTACATATGCCAGTTCCTTTTTAGGTTTATATATTTGGTCATTAATAAAAAATGCACGTTGGACTTTATGTATTACTTGCGTTTTTCCGTTAATTTATGTTTGTGGTGTCATATGTAATAAGAAAGTAAAATTAAATAAAAAAACATCTTTGTTATATAATAACAATACCATGTCCATTAGAATGGAAGCACCGAGAGTATATGAAGATCTTCATGTGTGCAAAAGAATGGTAAAGCAGAGAAGGAGC,SNP Discrimination
Y184F_target,gaaatTAATACGACTCACTATAgggCACTATAGGGGCTCTAGCGACTTCTTTAAATAGTGGCTTAAAATAACAGTGTTTTTTATCAAGATGGACAATTTCATGATAATAATCCTGGATCTAAATTAAGATCTGATTTAGATTTTTATTTAGAACAAGTGAGTTCAGGAATTGGTACGAAATTTATAACAATTTTTACATATGCCAGTTCCTTTTTAGGTTTATTTATTTGGTCATTAATAAAAAATGCACGTTGGACTTTATGTATTACTTGCGTTTTTCCGTTAATTTATGTTTGTGGTGTCATATGTAATAAGAAAGTAAAATTAAATAAAAAAACATCTTTGTTATATAATAACAATACCATGTCCATTAGAATGGAAGCACCGAGAGTATATGAAGATCTTCATGTGTGCAAAAGAATGGTAAAGCAGAGAAGGAGC,SNP Discrimination
K417_target,gaaatTAATACGACTCACTATAgggCACTATAGGGGCTCTAGCGACTTCTTTAAATAGTGGCTTAAAATAACTGTCCTATATAATTCCGCATCATTTTCCACTTTTAAGTGTTATGGAGTGTCTCCTACTAAATTAAATGATCTCTGCTTTACTAATGTCTATGCAGATTCATTTGTAATTAGAGGTGATGAAGTCAGACAAATCGCTCCAGGGCAAACTGGAAAGATTGCTGATTATAATTATAAATTACCAGATGATTTTACAGGCTGCGTTATAGCTTGGAATTCTAACAATCTTGATTCTAAGGTTGGTGGTAATTATAATTACCTGTATAGATTGTTTAGGAAGTCTAATCTCAAACCTTTTGAGAGA,SNP Discrimination
K417N_target,gaaatTAATACGACTCACTATAgggCACTATAGGGGCTCTAGCGACTTCTTTAAATAGTGGCTTAAAATAACTGTCCTATATAATTCCGCATCATTTTCCACTTTTAAGTGTTATGGAGTGTCTCCTACTAAATTAAATGATCTCTGCTTTACTAATGTCTATGCAGATTCATTTGTAATTAGAGGTGATGAAGTCAGACAAATCGCTCCAGGGCAAACTGGAAATATTGCTGATTATAATTATAAATTACCAGATGATTTTACAGGCTGCGTTATAGCTTGGAATTCTAACAATCTTGATTCTAAGGTTGGTGGTAATTATAATTACCTGTATAGATTGTTTAGGAAGTCTAATCTCAAACCTTTTGAGAGA,SNP Discrimination
K417T_target,gaaatTAATACGACTCACTATAgggCACTATAGGGGCTCTAGCGACTTCTTTAAATAGTGGCTTAAAATAACTGTCCTATATAATTCCGCATCATTTTCCACTTTTAAGTGTTATGGAGTGTCTCCTACTAAATTAAATGATCTCTGCTTTACTAATGTCTATGCAGATTCATTTGTAATTAGAGGTGATGAAGTCAGACAAATCGCTCCAGGGCAAACTGGAACGATTGCTGATTATAATTATAAATTACCAGATGATTTTACAGGCTGCGTTATAGCTTGGAATTCTAACAATCTTGATTCTAAGGTTGGTGGTAATTATAATTACCTGTATAGATTGTTTAGGAAGTCTAATCTCAAACCTTTTGAGAGA,SNP Discrimination
S139_target,gaaatTAATACGACTCACTATAgggCACTATAGGGGCTCTAGCGACTTCTTTAAATAGTGGCTTAAAATAACCTCATCAATAGATGGGGTTCAGTGGGGAAAAAAGAGGCTATGGAAATAATAAAGAAGTTCAAGAAAGATCTGGCTGCCATGCTGAGAATAATCAATGCTAGGAAGGAGAAGAAGAGACGGGGCGCAGATACTAGTGTCGGAATTGTTGGCCTCCTGCTGACCACAGCTATGGCAGCGGAGGTCACTAGACGTGGGAGTGCATACTATATGTACTTGGACAGAAGCGATGCTGGGGAGGCCATATCTTTTCCAACCACATTGGGGATGAATAAGTGTTATATACAGATCATGGATCTTGGACACATGTGTGATGCCACCATGAGCTATGAATGCCCTATGCTGGATGAGGGGGTGGAACCAGATGACGTCGATTGTTGGTGCAACACGACGTCAACTTGGG,SNP Discrimination
S139N_target,gaaatTAATACGACTCACTATAgggCACTATAGGGGCTCTAGCGACTTCTTTAAATAGTGGCTTAAAATAACCTCATCAATAGATGGGGTTCAGTGGGGAAAAAAGAGGCTATGGAAATAATAAAGAAGTTCAAGAAAGATCTGGCTGCCATGCTGAGAATAATCAATGCTAGGAAGGAGAAGAAGAGACGGGGCGCAGATACTAGTGTCGGAATTGTTGGCCTCCTGCTGACCACAGCTATGGCAGCGGAGGTCACTAGACGTGGGAGTGCATACTATATGTACTTGGACAGAAACGATGCTGGGGAGGCCATATCTTTTCCAACCACATTGGGGATGAATAAGTGTTATATACAGATCATGGATCTTGGACACATGTGTGATGCCACCATGAGCTATGAATGCCCTATGCTGGATGAGGGGGTGGAACCAGATGACGTCGATTGTTGGTGCAACACGACGTCAACTTGGG,SNP Discrimination
DENV1.0.1919.2242,gaaattaatacgactcactatagggcactataggggctctagcgacttctttaaatagtggcttaaaataaccttcgtggaaggactgtcaggagcaacttgggtagatgtggtactggaacatggaagttgcgtcaccaccatggcaaaagacaaaccaacattggacattgaactcttgaagacggaagtcacaaaccctgccgtcctgcgcaaactgtgcattgaagctaaaatatcaaacaccaccaccgactcaagatgtccaacacaaggagaagccacactggtggaagaacaagacgcgaactttgtgtgtcgacgaacgtttgtggacagaggctggggcaatggctgt,DENV Lineage Discrimination
DENV2.0.1919.2242,gaaattaatacgactcactatagggcactataggggctctagcgacttctttaaatagtggcttaaaataaccttcgtagaaggggtttcaggaggaagctgggttgacatagtcttagaacatggaagttgtgtgacgacgatggcaaaaaacaaaccaacattggattttgaactgataaaaacagaagccaaacaacctgccactctaaggaagtactgtatagaagcaaagctgaccaacacaacaacagaatcacgttgcccaacacaaggggaacccagtctaaatgaagagcaggacaaaaggttcatctgcaaacactccatggtagacagaggatggggaaatggatgt,DENV Lineage Discrimination
DENV3.0.1919.2242,gaaattaatacgactcactatagggcactataggggctctagcgacttctttaaatagtggcttaaaataacttttgtggaaggtctatcaggagctacgtgggttgacgtggtgctcgagcacggggggtgtgtgaccaccatggctaagaacaagcccacgctggatatagagcttcagaagaccgaggccacccaactggcgaccctaaggaagctatgcattgaggggaaaattaccaacataacaactgactcaagatgtcctacccaaggggaagcggttttgcctgaggagcaggaccagaactacgtgtgtaagcatacatacgtagacagaggctgggggaacggatgt,DENV Lineage Discrimination
DENV4.0.1919.2242,gaaattaatacgactcactatagggcactataggggctctagcgacttctttaaatagtggcttaaaataacctttgtagaaggagtctcaggtggagcatgggtcgatctggtgctagaacatggaggatgtgtcacaaccatggcccagggaaaaccaaccttggattttgaactgatcaagacaacagccaaggaagtggctctgttaagaacctattgcattgaagcttccatatcaaacataaccacggcaacaagatgtccaacgcaaggagagccttacctcaaagaggaacaagatcaacagtacatctgccggagagacatggtagatagagggtggggcaacggctgt,DENV Lineage Discrimination
DENV1.0.984.1307,gaaattaatacgactcactatagggcactataggggctctagcgacttctttaaatagtggcttaaaataacgagattctcaaaaggattgctctcaggccaaggacccatgaaattggtgatggctttcatagcattcctaagatttctagccatacccccaacagcaggaattttggctagatggggctcattcaagaagaatggagcgatcaaagtgctacggggtttcaagaaagaaatctcaaacatgttgaatataatgaatagaaggaaaagatctgtgaccatgctccttatgctgatgcctacagccttggcgttccatttgactaca,DENV Lineage Discrimination
DENV2.0.984.1307,gaaattaatacgactcactatagggcactataggggctctagcgacttctttaaatagtggcttaaaataacgagattctcacttggaatgctgcaaggacgcggaccattaaaactgttcatggcccttgtggcgttccttcgtttcctaacaatcccaccaacagcagggatactaaaaagatggggaacgatcaaaaaatcaaaagctatcaatgttttgagagggttcaggaaagagattggaaggatgctgaacatcttgaacaggagacgcaggacagcaggcgtgattgttatgttgattccaacagcgatggcgttccatttaaccaca,DENV Lineage Discrimination
DENV3.0.984.1307,gaaattaatacgactcactatagggcactataggggctctagcgacttctttaaatagtggcttaaaataacgagattctcaaaaggattgctgaacggccagggaccaatgaaattggttatggcgttcatagctttcctcagatttctagccattccaccaacagcaggagtcttggctagatggggaaccttcaagaagtcgggggccattaaggtcctgaaaggcttcaagaaggagatctcaaacatgctgagcataatcaacaaacggaaaaagacatcgctctgtctcatgatgatattgccagcagcacttgctttccacttgacttca,DENV Lineage Discrimination
DENV4.0.984.1307,gaaattaatacgactcactatagggcactataggggctctagcgacttctttaaatagtggcttaaaataacgagattctcgactggacttttttccgggaaaggacccttacggatggtgttggcattcatcacgtttttgagagttctttccatcccaccaacagcagggattctaaaaagatggggacagttaaagaaaaacaaggccataaagatactaactggattcaggaaggagataggccgcatgctgaacatcttgaatggaaggaaaaggtcaacaataacattgctgtgcttgattcccactgtaatggcgtttcacttgtcaacg,DENV Lineage Discrimination
DENV1.0.2292.2615,gaaattaatacgactcactatagggcactataggggctctagcgacttctttaaatagtggcttaaaataacgacaaaactggaaggaaagatagttcaatatgaaaacttgaaatattcagtaatagtcaccgtccacactggagaccagcaccaggtgggaaatgaaagcacagaacatgggacaactgcaactataacacctcaagctcctacgacggaaatacagctgaccgactacggagctcttacattggattgttcacctagaacaggactagactttaatgaaatggtgttgttgacaatgaaagaaaaatcatggct,DENV Lineage Discrimination
DENV2.0.2292.2615,gaaattaatacgactcactatagggcactataggggctctagcgacttctttaaatagtggcttaaaataacaaagaacatggaaggaaaagtcgtgcaaccagaaaacttggagtacaccattgtgataacacctcactcaggggaagagaatgcagtcggaaatgacacaggaaaacacggcaaggaaattaaagtaacaccacagagttccatcacagaagcagaactaacaggctatggcactgtcacgatggaatgctctccgagaacgggcctcgacttcaatgagatggtgttgctgcaaatggaaaacaaggcttggct,DENV Lineage Discrimination
DENV3.0.2292.2615,gaaattaatacgactcactatagggcactataggggctctagcgacttctttaaatagtggcttaaaataacggaaccaatagagggaaaagtggtgcaatatgagaacctcaaatacaccgtcatcatcacagtgcacacaggagaccaacaccaggtgggaaatgaaacgcagggagtcacggctgagataacacctcaggcatcaaccactgaagccatcttgcctgaatatggaacccttgggctagaatgctcaccacggacaggtttggatttcaatgaaatgatcttgctaacaatgaagaacaaagcatggat,DENV Lineage Discrimination
DENV4.0.2292.2615,gaaattaatacgactcactatagggcactataggggctctagcgacttctttaaatagtggcttaaaataacggggaagataacgggcaacttagtccaaattgagaaccttgaatacacagtggttgtaacagtccacaatggagacacccacgctgtaggaaatgacacatctaaccatggagtgacagccacgataacccccaggtcaccatcggttgaagttaaattaccggactatggagaattgacacttgactgtgaacctaggtccggaattgactttaatgagatgattctgatgaaaatgaaaacgaaaacgtggct,DENV Lineage Discrimination
DENV1.0.3095.3418,gaaattaatacgactcactatagggcactataggggctctagcgacttctttaaatagtggcttaaaataacggagtaacccagaatgggagattgataacagccaaccccatagtcactgacaaagaaaaaccagtcaacattgaggcagaaccgccttttggtgagagttacatcgtgataggagcaggtgaaaaagctttgaaactaagctggttcaagaaaggaagcagcatagggaaaatgtttgaggcaactgccagaggagcacgaaggatggccatactgggagacaccgcatgggactttggttctataggaggagtgttcacgtctgttggaaaattagtacaccagatttttggaactgcatat,DENV Lineage Discrimination
DENV2.0.3095.3418,gaaattaatacgactcactatagggcactataggggctctagcgacttctttaaatagtggcttaaaataacaaaagacatgtcttaggtcgcttgatcacagtcaacccaattgtcacagaaaaagacagcccagtcaacatagaagcagaacctccattcggagacagctacatcattataggagtagagccgggacaactgaagctcagctggtttaagaaaggaagttctattggccaaatgtttgagacaacaatgagaggagcgaagagaatggccattttaggtgacacagcttgggattttggatccctgggaggagtgtttacatctataggaaaggccctccaccaagtctttggagcaatctat,DENV Lineage Discrimination
DENV3.0.3095.3418,gaaattaatacgactcactatagggcactataggggctctagcgacttctttaaatagtggcttaaaataacgggaaagctcacaatggcagactgattacagccaacccagtggtgactaagaaggaggagcctgtcaatattgaggctgaacctccttttggggaaagtaatatagtaattggaattggagacaacgccttgaaaatcaactggtacaagaagggaagctctattgggaagatgttcgaggccactgccagaggtgcaaggcgcatggccatcttgggagacacagcttgggactttggatcagtgggtggtgttctgaactcattaggcaaaatggtgcaccaaatattcggaagtgcttac,DENV Lineage Discrimination
DENV4.0.3095.3418,gaaattaatacgactcactatagggcactataggggctctagcgacttctttaaatagtggcttaaaataacaaggaaaaagtggttgggcgcatcatctcatccaccccttttgctgagaataccaacagtgtgaccaatatagaattggaacctccttttggggatagctacatagtgataggtgtgggagacagtgcattaacactccattggttcaggaaagggagctccattggcaagatgtttgagtccacatacagaggtgcaaagcgcatggccattctaggtgaaacagcttgggattttggttccgttggtggactgctcacgtcattaggaaaggctgtacaccaggtttttggcagtgtgtac,DENV Lineage Discrimination
Ref,gaaatTAATACGACTCACTATAgggCACTATAGGGGCTCTAGCGACTTCTTTAAATAGTGGCTTAAAATAACGACTTATAATTAGAGAAAACAACAGAGTTGTTATTTCTAGTGATGTTCTTGTTAACAACTAAACGAACAATGTTTGTTTTTCTTGTTTTATTGCCACTAGTCTCTAGTCAGTGTGTTAATCTTACAACCAGAACTCAATTACCCCCTGCATACACTAATTCTTTCACACGTGGTGTTTATTACCCTGACAAAGTTTTCAGATCCTCAGTTTTACATTCAACTCAGGACTTGTTCTTACCTTTCTTTTCCAATGTTACTTGGTTCCATGCTATACATGTCTCTGGGACCAATGGTACTAAGAGGTTTGATAACCCTGTCCTACCATTTAATGATGGTGTTTATTTTGCTTCCACTGAGAAGTCTAACATAATAAGAGGCTGGATTTTTGGTACTACTTTAGATTCGAAGACCCAGTCCCTACTTATTGTTAATAACGCTACTAATGTTGTTATTAAAGTCTGTGAATTTCAATTTTGTAATGATCCATTTTTGGGTGTTTATTACCACAAAAACAACAAAAGTTGGATGGAAAGTGAGTTCAGAGTTTATTCTAGTGCGAATAATTGCACTTTTGAATATGTCTCTCAGCCTTTTCTTATGGACCTTGAAGGAAAACAGGGTAATTTCAAAAATCTTAGGGAATTTGTGTTTAAGAATATTGATGGTTATTTTAAAATATATTCTAAGCACACGCCTATTAATTTAGTGCGTGATCTCCCTCAGGGTTTTTCGGCTTTAGAACCATTGGTAGATTTGCCAATAGGTATTAACATCACTAGGTTTCAAACTTTACTTGCTTTACATAGAAGTTATTTGACTCCTGGTGATTCTTCTTCAGGTTGGACAGCTGGTGCTGCAGCTTATTATGTGGGTTATCTTCAACCTAGGACTTTTCTATTAAAATATAATGAAAATGGGAATGGAAGCACCGAGAGTATATGAAGATCTTCATGTGTGCAAAAGAATGGTAAAGCAGAGAAGGAGC,SARS-CoV-2 Lineage Discrimination
Alpha,gaaatTAATACGACTCACTATAgggCACTATAGGGGCTCTAGCGACTTCTTTAAATAGTGGCTTAAAATAACGACTTATAATTAGAGAAAACAACAGAGTTGTTATTTCTAGTGATGTTCTTGTTAACAACTAAACGAACAATGTTTGTTTTTCTTGTTTTATTGCCACTAGTCTCTAGTCAGTGTGTTAATCTTACAACCAGAACTCAATTACCCCCTGCATACACTAATTCTTTCACACGTGGTGTTTATTACCCTGACAAAGTTTTCAGATCCTCAGTTTTACATTCAACTCAGGACTTGTTCTTACCTTTCTTTTCCAATGTTACTTGGTTCCATGCTATCTCTGGGACCAATGGTACTAAGAGGTTTGATAACCCTGTCCTACCATTTAATGATGGTGTTTATTTTGCTTCCACTGAGAAGTCTAACATAATAAGAGGCTGGATTTTTGGTACTACTTTAGATTCGAAGACCCAGTCCCTACTTATTGTTAATAACGCTACTAATGTTGTTATTAAAGTCTGTGAATTTCAATTTTGTAATGATCCATTTTTGGGTGTTTACCACAAAAACAACAAAAGTTGGATGGAAAGTGAGTTCAGAGTTTATTCTAGTGCGAATAATTGCACTTTTGAATATGTCTCTCAGCCTTTTCTTATGGACCTTGAAGGAAAACAGGGTAATTTCAAAAATCTTAGGGAATTTGTGTTTAAGAATATTGATGGTTATTTTAAAATATATTCTAAGCACACGCCTATTAATTTAGTGCGTGATCTCCCTCAGGGTTTTTCGGCTTTAGAACCATTGGTAGATTTGCCAATAGGTATTAACATCACTAGGTTTCAAACTTTACTTGCTTTACATAGAAGTTATTTGACTCCTGGTGATTCTTCTTCAGGTTGGACAGCTGGTGCTGCAGCTTATTATGTGGGTTATCTTCAACCTAGGACTTTTCTATTAAAATATAATGAAAATGGGAATGGAAGCACCGAGAGTATATGAAGATCTTCATGTGTGCAAAAGAATGGTAAAGCAGAGAAGGAGC,SARS-CoV-2 Lineage Discrimination
Beta,gaaatTAATACGACTCACTATAgggCACTATAGGGGCTCTAGCGACTTCTTTAAATAGTGGCTTAAAATAACGACTTATAATTAGAGAAAACAACAGAGTTGTTATTTCTAGTGATGTTCTTGTTAACAACTAAACGAACAATGTTTGTTTTTCTTGTTTTATTGCCACTAGTCTCTAGTCAGTGTGTTAATCTTACAACCAGAACTCAATTACCCCCTGCATACACTAATTCTTTCACACGTGGTGTTTATTACCCTGACAAAGTTTTCAGATCCTCAGTTTTACATTCAACTCAGGACTTGTTCTTACCTTTCTTTTCCAATGTTACTTGGTTCCATGCTATACATGTCTCTGGGACCAATGGTACTAAGAGGTTTGCTAACCCTGTCCTACCATTTAATGATGGTGTTTATTTTGCTTCCACTGAGAAGTCTAACATAATAAGAGGCTGGATTTTTGGTACTACTTTAGATTCGAAGACCCAGTCCCTACTTATTGTTAATAACGCTACTAATGTTGTTATTAAAGTCTGTGAATTTCAATTTTGTAATGATCCATTTTTGGGTGTTTATTACCACAAAAACAACAAAAGTTGGATGGAAAGTGAGTTCAGAGTTTATTCTAGTGCGAATAATTGCACTTTTGAATATGTCTCTCAGCCTTTTCTTATGGACCTTGAAGGAAAACAGGGTAATTTCAAAAATCTTAGGGAATTTGTGTTTAAGAATATTGATGGTTATTTTAAAATATATTCTAAGCACACGCCTATTAATTTAGTGCGTGGTCTCCCTCAGGGTTTTTCGGCTTTAGAACCATTGGTAGATTTGCCAATAGGTATTAACATCACTAGGTTTCAAACTTTACATAGAAGTTATTTGACTCCTGGTGATTCTTCTTCAGGTTGGACAGCTGGTGCTGCAGCTTATTATGTGGGTTATCTTCAACCTAGGACTTTTCTATTAAAATATAATGAAAATGGGAATGGAAGCACCGAGAGTATATGAAGATCTTCATGTGTGCAAAAGAATGGTAAAGCAGAGAAGGAGC,SARS-CoV-2 Lineage Discrimination
Gamma,gaaatTAATACGACTCACTATAgggCACTATAGGGGCTCTAGCGACTTCTTTAAATAGTGGCTTAAAATAACGACTTATAATTAGAGAAAACAACAGAGTTGTTATTTCTAGTGATGTTCTTGTTAACAACTAAACGAACAATGTTTGTTTTTCTTGTTTTATTGCCACTAGTCTCTAGTCAGTGTGTTAATTTTACAAACAGAACTCAATTACCCTCTGCATACACTAATTCTTTCACACGTGGTGTTTATTACCCTGACAAAGTTTTCAGATCCTCAGTTTTACATTCAACTCAGGACTTGTTCTTACCTTTCTTTTCCAATGTTACTTGGTTCCATGCTATACATGTCTCTGGGACCAATGGTACTAAGAGGTTTGATAACCCTGTCCTACCATTTAATGATGGTGTTTATTTTGCTTCCACTGAGAAGTCTAACATAATAAGAGGCTGGATTTTTGGTACTACTTTAGATTCGAAGACCCAGTCCCTACTTATTGTTAATAACGCTACTAATGTTGTTATTAAAGTCTGTGAATTTCAATTTTGTAATTATCCATTTTTGGGTGTTTATTACCACAAAAACAACAAAAGTTGGATGGAAAGTGAGTTCAGAGTTTATTCTAGTGCGAATAATTGCACTTTTGAATATGTCTCTCAGCCTTTTCTTATGGACCTTGAAGGAAAACAGGGTAATTTCAAAAATCTTAGTGAATTTGTGTTTAAGAATATTGATGGTTATTTTAAAATATATTCTAAGCACACGCCTATTAATTTAGTGCGTGATCTCCCTCAGGGTTTTTCGGCTTTAGAACCATTGGTAGATTTGCCAATAGGTATTAACATCACTAGGTTTCAAACTTTACTTGCTTTACATAGAAGTTATTTGACTCCTGGTGATTCTTCTTCAGGTTGGACAGCTGGTGCTGCAGCTTATTATGTGGGTTATCTTCAACCTAGGACTTTTCTATTAAAATATAATGAAAATGGGAATGGAAGCACCGAGAGTATATGAAGATCTTCATGTGTGCAAAAGAATGGTAAAGCAGAGAAGGAGC,SARS-CoV-2 Lineage Discrimination
Delta,gaaatTAATACGACTCACTATAgggCACTATAGGGGCTCTAGCGACTTCTTTAAATAGTGGCTTAAAATAACGACTTATAATTAGAGAAAACAACAGAGTTGTTATTTCTAGTGATGTTCTTGTTAACAACTAAACGAACAATGTTTGTTTTTCTTGTTTTATTGCCACTAGTCTCTAGTCAGTGTGTTAATCTTAGAACCAGAACTCAATTACCCCCTGCATACACTAATTCTTTCACACGTGGTGTTTATTACCCTGACAAAGTTTTCAGATCCTCAGTTTTACATTCAACTCAGGACTTGTTCTTACCTTTCTTTTCCAATGTTACTTGGTTCCATGCTATACATGTCTCTGGGACCAATGGTACTAAGAGGTTTGATAACCCTGTCCTACCATTTAATGATGGTGTTTATTTTGCTTCCATTGAGAAGTCTAACATAATAAGAGGCTGGATTTTTGGTACTACTTTAGATTCGAAGACCCAGTCCCTACTTATTGTTAATAACGCTACTAATGTTGTTATTAAAGTCTGTGAATTTCAATTTTGTAATGATCCATTTTTGGATGTTTATTACCACAAAAACAACAAAAGTTGGATGGAAAGTGGAGTTTATTCTAGTGCGAATAATTGCACTTTTGAATATGTCTCTCAGCCTTTTCTTATGGACCTTGAAGGAAAACAGGGTAATTTCAAAAATCTTAGGGAATTTGTGTTTAAGAATATTGATGGTTATTTTAAAATATATTCTAAGCACACGCCTATTAATTTAGTGCGTGATCTCCCTCAGGGTTTTTCGGCTTTAGAACCATTGGTAGATTTGCCAATAGGTATTAACATCACTAGGTTTCAAACTTTACTTGCTTTACATAGAAGTTATTTGACTCCTGGTGATTCTTCTTCAGGTTGGACAGCTGGTGCTGCAGCTTATTATGTGGGTTATCTTCAACCTAGGACTTTTCTATTAAAATATAATGAAAATGGGAATGGAAGCACCGAGAGTATATGAAGATCTTCATGTGTGCAAAAGAATGGTAAAGCAGAGAAGGAGC,SARS-CoV-2 Lineage Discrimination
OmicronBA.1,gaaatTAATACGACTCACTATAgggCACTATAGGGGCTCTAGCGACTTCTTTAAATAGTGGCTTAAAATAACGACTTATAATTAGAGAAAACAACAGAGTTGTTATTTCTAGTGATGTTCTTGTTAACAACTAAACGAACAATGTTTGTTTTTCTTGTTTTATTGCCACTAGTCTCTAGTCAGTGTGTTAATCTTACAACCAGAACTCAATTACCCCCTGCATACACTAATTCTTTCACACGTGGTGTTTATTACCCTGACAAAGTTTTCAGATCCTCAGTTTTACATTCAACTCAGGACTTGTTCTTACCTTTCTTTTCCAATGTTACTTGGTTCCATGTTATCTCTGGGACCAATGGTACTAAGAGGTTTGATAACCCTGTCCTACCATTTAATGATGGTGTTTATTTTGCTTCCATTGAGAAGTCTAACATAATAAGAGGCTGGATTTTTGGTACTACTTTAGATTCGAAGACCCAGTCCCTACTTATTGTTAATAACGCTACTAATGTTGTTATTAAAGTCTGTGAATTTCAATTTTGTAATGATCCATTTTTGGACCACAAAAACAACAAAAGTTGGATGGAAAGTGAGTTCAGAGTTTATTCTAGTGCGAATAATTGCACTTTTGAATATGTCTCTCAGCCTTTTCTTATGGACCTTGAAGGAAAACAGGGTAATTTCAAAAATCTTAGGGAATTTGTGTTTAAGAATATTGATGGTTATTTTAAAATATATTCTAAGCACACGCCTATTATAGTGCGTGAGCCAGAAGATCTCCCTCAGGGTTTTTCGGCTTTAGAACCATTGGTAGATTTGCCAATAGGTATTAACATCACTAGGTTTCAAACTTTACTTGCTTTACATAGAAGTTATTTGACTCCTGGTGATTCTTCTTCAGGTTGGACAGCTGGTGCTGCAGCTTATTATGTGGGTTATCTTCAACCTAGGACTTTTCTATTAAAATATAATGAAAATGGGAATGGAAGCACCGAGAGTATATGAAGATCTTCATGTGTGCAAAAGAATGGTAAAGCAGAGAAGGAGC,SARS-CoV-2 Lineage Discrimination
OmicronBA.2,gaaatTAATACGACTCACTATAgggCACTATAGGGGCTCTAGCGACTTCTTTAAATAGTGGCTTAAAATAACGACTTATAATTAGAGAAAACAACAGAGTTGTTATTTCTAGTGATGTTCTTGTTAACAACTAAACGAACAATGTTTGTTTTTCTTGTTTTATTGCCACTAGTCTCTAGTCAGTGTGTTAATCTTATAACCAGAACTCAATCATACACTAATTCTTTCACACGTGGTGTTTATTACCCTGACAAAGTTTTCAGATCCTCAGTTTTACATTCAACTCAGGACTTGTTCTTACCTTTCTTTTCCAATGTTACTTGGTTCCATGCTATACATGTCTCTGGGACCAATGGTACTAAGAGGTTTGATAACCCTGTCCTACCATTTAATGATGGTGTTTATTTTGCTTCCACTGAGAAGTCTAACATAATAAGAGGCTGGATTTTTGGTACTACTTTAGATTCGAAGACCCAGTCCCTACTTATTGTTAATAACGCTACTAATGTTGTTATTAAAGTCTGTGAATTTCAATTTTGTAATGATCCATTTTTGGATGTTTATTACCACAAAAACAACAAAAGTTGGATGGAAAGTGAGTTCAGAGTTTATTCTAGTGCGAATAATTGCACTTTTGAATATGTCTCTCAGCCTTTTCTTATGGACCTTGAAGGAAAACAGGGTAATTTCAAAAATCTTAGGGAATTTGTGTTTAAGAATATTGATGGTTATTTTAAAATATATTCTAAGCACACGCCTATTAATTTAGGGCGTGATCTCCCTCAGGGTTTTTCGGCTTTAGAACCATTGGTAGATTTGCCAATAGGTATTAACATCACTAGGTTTCAAACTTTACTTGCTTTACATAGAAGTTATTTGACTCCTGGTGATTCTTCTTCAGGTTGGACAGCTGGTGCTGCAGCTTATTATGTGGGTTATCTTCAACCTAGGACTTTTCTATTAAAATATAATGAAAATGGGAATGGAAGCACCGAGAGTATATGAAGATCTTCATGTGTGCAAAAGAATGGTAAAGCAGAGAAGGAGC,SARS-CoV-2 Lineage Discrimination
Ref_t2,gaaatTAATACGACTCACTATAgggCACTATAGGGGCTCTAGCGACTTCTTTAAATAGTGGCTTAAAATAACTGACACTACTGATGCTGTCCGTGATCCACAGACACTTGAGATTCTTGACATTACACCATGTTCTTTTGGTGGTGTCAGTGTTATAACACCAGGAACAAATACTTCTAACCAGGTTGCTGTTCTTTATCAGGATGTTAACTGCACAGAAGTCCCTGTTGCTATTCATGCAGATCAACTTACTCCTACTTGGCGTGTTTATTCTACAGGTTCTAATGTTTTTCAAACACGTGCAGGCTGTTTAATAGGGGCTGGAATGGAAGCACCGAGAGTATATGAAGATCTTCATGTGTGCAAAAGAATGGTAAAGCAGAGAAGGAGC,SARS-CoV-2 Lineage Discrimination
Alpha_t2,gaaatTAATACGACTCACTATAgggCACTATAGGGGCTCTAGCGACTTCTTTAAATAGTGGCTTAAAATAACTGACACTACTGATGCTGTCCGTGATCCACAGACACTTGAGATTCTTGACATTACACCATGTTCTTTTGGTGGTGTCAGTGTTATAACACCAGGAACAAATACTTCTAACCAGGTTGCTGTTCTTTATCAGGGTGTTAACTGCACAGAAGTCCCTGTTGCTATTCATGCAGATCAACTTACTCCTACTTGGCGTGTTTATTCTACAGGTTCTAATGTTTTTCAAACACGTGCAGGCTGTTTAATAGGGGCTGGAATGGAAGCACCGAGAGTATATGAAGATCTTCATGTGTGCAAAAGAATGGTAAAGCAGAGAAGGAGC,SARS-CoV-2 Lineage Discrimination
Beta_t2,gaaatTAATACGACTCACTATAgggCACTATAGGGGCTCTAGCGACTTCTTTAAATAGTGGCTTAAAATAACTGACACTACTGATGCTGTCCGTGATCCACAGACACTTGAGATTCTTGACATTACACCATGTTCTTTTGGTGGTGTCAGTGTTATAACACCAGGAACAAATACTTCTAACCAGGTTGCTGTTCTTTATCAGGGTGTTAACTGCACAGAAGTCCCTGTTGCTATTCATGCAGATCAACTTACTCCTACTTGGCGTGTTTATTCTACAGGTTCTAATGTTTTTCAAACACGTGCAGGCTGTTTAATAGGGGCTGGAATGGAAGCACCGAGAGTATATGAAGATCTTCATGTGTGCAAAAGAATGGTAAAGCAGAGAAGGAGC,SARS-CoV-2 Lineage Discrimination
Gamma_t2,gaaatTAATACGACTCACTATAgggCACTATAGGGGCTCTAGCGACTTCTTTAAATAGTGGCTTAAAATAACTGACACTACTGATGCTGTCCGTGATCCACAGACACTTGAGATTCTTGACATTACACCATGTTCTTTTGGTGGTGTCAGTGTTATAACACCAGGAACAAATACTTCTAACCAGGTTGCTGTTCTTTATCAGGGTGTTAACTGCACAGAAGTCCCTGTTGCTATTCATGCAGATCAACTTACTCCTACTTGGCGTGTTTATTCTACAGGTTCTAATGTTTTTCAAACACGTGCAGGCTGTTTAATAGGGGCTGGAATGGAAGCACCGAGAGTATATGAAGATCTTCATGTGTGCAAAAGAATGGTAAAGCAGAGAAGGAGC,SARS-CoV-2 Lineage Discrimination
Delta_t2,gaaatTAATACGACTCACTATAgggCACTATAGGGGCTCTAGCGACTTCTTTAAATAGTGGCTTAAAATAACTGACACTACTGATGCTGTCCGTGATCCACAGACACTTGAGATTCTTGACATTACACCATGTTCTTTTGGTGGTGTCAGTGTTATAACACCAGGAACAAATACTTCTAACCAGGTTGCTGTTCTTTATCAGGGTGTTAACTGCACAGAAGTCCCTGTTGCTATTCATGCAGATCAACTTACTCCTACTTGGCGTGTTTATTCTACAGGTTCTAATGTTTTTCAAACACGTGCAGGCTGTTTAATAGGGGCTGGAATGGAAGCACCGAGAGTATATGAAGATCTTCATGTGTGCAAAAGAATGGTAAAGCAGAGAAGGAGC,SARS-CoV-2 Lineage Discrimination
OmicronBA.1_t2,gaaatTAATACGACTCACTATAgggCACTATAGGGGCTCTAGCGACTTCTTTAAATAGTGGCTTAAAATAACTGACACTACTGATGCTGTCCGTGATCCACAGACACTTGAGATTCTTGACATTACACCATGTTCTTTTGGTGGTGTCAGTGTTATAACACCAGGAACAAATACTTCTAACCAGGTTGCTGTTCTTTATCAGGGTGTTAACTGCACAGAAGTCCCTGTTGCTATTCATGCAGATCAACTTACTCCTACTTGGCGTGTTTATTCTACAGGTTCTAATGTTTTTCAAACACGTGCAGGCTGTTTAATAGGGGCTGGAATGGAAGCACCGAGAGTATATGAAGATCTTCATGTGTGCAAAAGAATGGTAAAGCAGAGAAGGAGC,SARS-CoV-2 Lineage Discrimination
OmicronBA.2_t2,gaaatTAATACGACTCACTATAgggCACTATAGGGGCTCTAGCGACTTCTTTAAATAGTGGCTTAAAATAACTGACACTACTGATGCTGTCCGTGATCCACAGACACTTGAGATTCTTGACATTACACCATGTTCTTTTGGTGGTGTCAGTGTTATAACACCAGGAACAAATACTTCTAACCAGGTTGCTGTTCTTTATCAGGGTGTTAACTGCACAGAAGTCCCTGTTGCTATTCATGCAGATCAACTTACTCCTACTTGGCGTGTTTATTCTACAGGTTCTAATGTTTTTCAAACACGTGCAGGCTGTTTAATAGGGGCTGGAATGGAAGCACCGAGAGTATATGAAGATCTTCATGTGTGCAAAAGAATGGTAAAGCAGAGAAGGAGC,SARS-CoV-2 Lineage Discrimination